<?xml version="1.0" encoding="UTF-8"?>
<rss version="2.0" xmlns:ror="http://rorweb.com/0.1/" >
<channel>
  <title>ROR Sitemap for http://belairautoservice.biz/</title>
  <description>ROR Sitemap</description>
  <link>http://belairautoservice.biz/</link>
  
  <item>
       <link>http://belairautoservice.biz/</link>
       <title>Chris Woodie's Bel Air Auto Service</title>
       <description>Chris Woodie's Bel Air Auto Service</description>
       <ror:updatePeriod>daily</ror:updatePeriod>
       <ror:sortOrder>0</ror:sortOrder>
       <ror:resourceOf>sitemap</ror:resourceOf>
  </item>
  <item>
       <link>http://belairautoservice.biz/index.cfm</link>
       <title>Chris Woodie's Bel Air Auto Service 1</title>
       <description>Chris Woodie's Bel Air Auto Service 1</description>
       <ror:updatePeriod>daily</ror:updatePeriod>
       <ror:sortOrder>1</ror:sortOrder>
       <ror:resourceOf>sitemap</ror:resourceOf>
  </item>
  <item>
       <link>http://belairautoservice.biz/about.cfm</link>
       <title>Chris Woodie's Bel Air Auto Service 2</title>
       <description>Chris Woodie's Bel Air Auto Service 2</description>
       <ror:updatePeriod>daily</ror:updatePeriod>
       <ror:sortOrder>1</ror:sortOrder>
       <ror:resourceOf>sitemap</ror:resourceOf>
  </item>
  <item>
       <link>http://belairautoservice.biz/maintenance.cfm</link>
       <title>Chris Woodie's Bel Air Auto Service 3</title>
       <description>Chris Woodie's Bel Air Auto Service 3</description>
       <ror:updatePeriod>daily</ror:updatePeriod>
       <ror:sortOrder>1</ror:sortOrder>
       <ror:resourceOf>sitemap</ror:resourceOf>
  </item>
  <item>
       <link>http://belairautoservice.biz/services.cfm</link>
       <title>Chris Woodie's Bel Air Auto Service 4</title>
       <description>Chris Woodie's Bel Air Auto Service 4</description>
       <ror:updatePeriod>daily</ror:updatePeriod>
       <ror:sortOrder>1</ror:sortOrder>
       <ror:resourceOf>sitemap</ror:resourceOf>
  </item>
  <item>
       <link>http://belairautoservice.biz/contact.cfm</link>
       <title>Chris Woodie's Bel Air Auto Service 5</title>
       <description>Chris Woodie's Bel Air Auto Service 5</description>
       <ror:updatePeriod>daily</ror:updatePeriod>
       <ror:sortOrder>1</ror:sortOrder>
       <ror:resourceOf>sitemap</ror:resourceOf>
  </item>
</channel>
</rss>